name,old,new,source
Fletcher Abee,The Citadel,UNC Asheville,"Justin Byerly, HoopSeen"
Riley Abercrombie,Rice,Northern Colorado,
Micaiah Abii,Liberty,Dallas Baptist,
Henry Abraham,Eastern Illinois,Coastal Carolina,
Linton Acliese III,San Francisco State,Eastern Washington,
Kani Acree,Ball State,,
Tyson Acuff,Duquesne,Eastern Michigan,
Mattia Acunzo,Robert Morris,Youngstown State,"Emiliano Carchia, Sportando"
Isaiah Adams,UCF,Buffalo,Jake Lieberman
Quadry Adams,St. Bonaventure,Sacramento State,
Max Adelman,Vanderbilt,,
Quincy Ademokoya,Temple,Kennesaw State,
Emmanuel Adeoye,Texas A&M–Commerce,,
Chibuzo Agbo,Texas Tech,Boise State,
Max Agbonkpolo,USC,Wyoming,"Jon Rothstein, CBS"
Christian Agnew,UTEP,Southeastern Louisiana,
Ajang Aguek,Northern Arizona,Lander,
Akot Aguer,Mississippi Valley State,Concord,
Nico Aguirre,Southwest Baptist,Southern Miss,
Akrum Ahemed,Canisius,UNCG,
Justin Ahrens,Ohio State,Loyola Marymount,
"Kim Aiken, Jr.",Arizona,,
Fardaws Aimaq,Utah Valley,Texas Tech,
Nana Akenten,Southeast Missouri State,Mercer,
Bradley Akhile,Incarnate Word,Oklahoma Baptist,
Daniel Akin,California Baptist,Utah State,
Mayowa Akinsanya,Maryland Eastern Shore,,
Kaodirichi Akobundu-Ehiogu,UT Arlington,Memphis,
Akok Akok,Connecticut,Georgetown,
Emmanuel Akot,Boise State,Memphis,
Jonathan Aku,Stephen F. Austin,Grambling State,
Theo Akwuba,Louisiana,Ole Miss,"Tobias Bass, ZagsBlog/NBC Sports"
Josh Aldrich,USC Upstate,Charlotte,
Quest Aldridge,Belmont Abbey,Gardner–Webb,
Dominique Alexander,Chicago State,,
Jonathan Alexandre,Oral Roberts,,
Ali Ali,Akron,Butler,
Fah'mir Ali,College of Charleston,Delaware State,"Tobias Bass, NXTPRO"
Dontaie Allen,Kentucky,Western Kentucky,
Thomas Allen,NC State,Ball State,
DeSean Allen-Eikens,New Orleans,Cal State Northridge,
Barlow Alleruzzo IV,Eastern Illinois,Angelo State,
Nahiem Alleyne,Virginia Tech,Connecticut,
Josiah Allick,Kansas City,New Mexico,
Philip Alston,California (PA),Loyola Chicago,
Logan Alters,California,,
Sedrick Altman,Rider,Cal State San Bernardino,Hoop Scoop Media
Max Amadasun,Pittsburgh,St. Bonaventure,
Isaiah Amato,Eastern Washington,Arizona Western College,
Keon Ambrose-Hylton,Alabama,SMU,
Jackson Ames,Miami (OH),Marian University,
Kellen Amos,Binghamton,Central Connecticut State,
Alex Anderson,South Alabama,Alabama State,
Andrew Anderson,South Alabama,Copiah–Lincoln Community College,
Boogie Anderson,South Dakota,Southeastern Louisiana,
Damezi Anderson,Loyola Chicago,Detroit Mercy,
Ethan Anderson,USC,Wyoming,
Jackson Anderson,North Dakota,,
Justin Anderson,Bloomsburg,NJIT,
Quincy Anderson,Minnesota State,Murray State,
Trevante Anderson,Idaho,UIC,
Travis Anderson II,Charleston Southern,Auburn–Montgomery,
Eduardo Andre,Nebraska,Fresno State,
Marko Andrić,Little Rock,Southeastern Community College,
Alexis Angeles,Portland State,Bushnell University,
Adam Anhold,Western Illinois,,
Frank Anselem,Syracuse,Georgia,
Emmanuel Ansong,Green Bay,Vanderbilt,
Bryan Antoine,Villanova,Radford,
David Appelgren,Wofford,,
Tyree Appleby,Florida,Wake Forest,
Alden Applewhite,Mississippi State,Portland,"Joe Tipton, On3"
Yiğit Arcan,Saint Mary's,,
Ty Archibald,Southern Arkansas,Tarleton State,
Andrei Arion,Lehigh,,
Robbie Armbrester,Houston,Stephen F. Austin,
Bryon Armstrong,Incarnate Word,,
Caleb Asberry,Texas State,Oklahoma State,
Austin Ash,Iowa,,
Devin Askew,Texas,California,
Ata Atsüren,Drexel,,
Hegel Augustin,Central Connecticut State,Prairie View A&M,
Leon Ayers III,Duquesne,Bowling Green,
Ileri Ayo-Faleye,Rhode Island,Vermont,
Chuma Azinge,Georgetown,,
Victor Baffuto,Mercer,,
"Victor Bailey, Jr.",Tennessee,George Mason,
Chandler Baker,Belmont Abbey,Colgate,
DeVon Baker,Tulane,Ohio,
Jaxson Baker,Central Arkansas,New Hampshire,
Joey Baker,Duke,Michigan,
Josh Baker,UNLV,GCU,
Myles Baker,Eastern Illinois,,
Tyrone Baker,Georgia,Dayton,
Chad Baker-Mazara,San Diego State,Northwest Florida State College,
Xavier Ball,Lamar,Texas Southern,
Junior Ballard,Fresno State,,
Quincy Ballard,Florida State,Wichita State,
Tariq Balogun,Eastern Kentucky,Binghamton,
Joe Bamisile,George Washington,Oklahoma,"Jon Rothstein, CBS"
Aziz Bandaogo,Akron,Utah Valley,
Emmanuel Bandoumel,SMU,Nebraska,
Marcus Banks,Western Carolina,Odessa College,
Rob Banks,Cincinnati,,
Daryl Banks III,Saint Peter's,St. Bonaventure,
Michael Barber,Alabama State,Mississippi Valley State,
Elijah Barnes,Princeton,,
Israel Barnes,Newman,Southeast Missouri State,
Timothy Barnes,Kansas City,,
Keeshawn Barthélémy,Colorado,Oregon,"Jon Rothstein, CBS"
Jaylen Bartley,Syracuse,,
Grant Basile,Wright State,Virginia Tech,
Lathaniel Bastian,Angelo State,Cal State Fullerton,
Keyyaun Batchman,Lindenwood,Xavier University of Louisiana,
Caleb Bates,UMass Lowell,Henry Ford College,
Emoni Bates,Memphis,Eastern Michigan,
Manny Bates,NC State,Butler,
Riley Battin,Utah,California Baptist,
Malik Battle,Charleston Southern,Coppin State,
D'Marco Baucum,Delaware State,,
Noah Baumann,Georgia,GCU,
Gavin Baxter,Brigham Young,Utah,
Bryce Beamer,Binghamton,Francis Marion,
Darius Beane,Cal State Northridge,,
Tyler Beard,Georgetown,Pacific,
Robby Beasley III,Montana,UC Davis,
Jalil Beaubrun,Southwest Baptist,Stephen F. Austin,
Craig Beaudion,Cleveland State,UMBC,
James Beck,Miami (OH),New Mexico State,
Eric Beckett,Vermont,Simon Fraser,
Ben Beeker,Furman,Carson–Newman,"Jeff Goodman, Stadium"
Daniel Begovich,Stanford,,
Mike Bekelja,Duquesne,Kent State,
Braden Bell,Marist,Prairie View A&M,
Xavier Bell,Drexel,Wichita State,
Javarzia Belton,Southern Miss,Coffeyville Community College,
Myles Belyeu,Southern Indiana,,
Josh Berenbaum,North Florida,Cal Poly Humboldt,
Cole Bergan,Northern State,Stonehill,Jake Lieberman
Jamie Bergens,Oral Roberts,Drexel,
T.J. Berger,San Diego,Lafayette,
Oscar Berry,Fairleigh Dickinson,North Florida,
Tres Berry,Rhode Island,Charleston Southern,
James Berry III,Merrimack,,
Tyler Bertram,Binghamton,UAB,
Sam Beskind,Stanford,Colorado School of Mines,
Zion Bethea,Hofstra,St. Francis Brooklyn,
Allen Betrand,Rhode Island,Rider,
Brandon Betson,Chicago State,Tulsa,
Isaiah Bigelow,Wofford,Richmond,
Jalin Billingsley,Georgetown,Eastern Michigan,
Carson Bischoff,UT Arlington,,
Dahmir Bishop,Saint Joseph's,Florida Gulf Coast,"Tobias Bass, NBC Sports/ZagsBlog"
Ja'Monta Black,Missouri State,Northwestern State,Hoop Scoop Media
Roshaun Black,Radford,Pittsburg State,
Jalen Blackmon,GCU,Stetson,
Jamari Blackmon,North Alabama,Louisiana–Monroe,
Quavon Blackwood,Bethune–Cookman,,
Quinn Blair,William & Mary,,
Zahrion Blue,Lincoln (PA),Rider,"Ari Rosenfeld, ELITE High School Scouting"
Bernie Blunt,Quinnipiac,Harcum College,
Nelson Boachie-Yiadom,Davidson,Hofstra,
Justin Bofenkamp,Youngstown State,,
Rashad Bolden,Southern Miss,McNeese,"Jon Rothstein, CBS"
Trey Bonham,VMI,Florida,"Jeff Goodman, Stadium"
Keylan Boone,Oklahoma State,Pacific,
Za-Ontay Boothman,Houston Baptist,,
Caden Boser,Kansas City,Valdosta State,
Benjamin Bosmans-Verdonk,Illinois,South Carolina,
Dionte Bostick,Murray State,Cal State Northridge,
Trey Boston,Louisiana–Monroe,,
Andre Bottoms,Norfolk State,,
Dante Bouchard,Mount St. Mary's,Eckerd,
Souley Boum,UTEP,Xavier,
Alaaeddine Boutayeb,Florida State,Arkansas State,
Ben Bowen,Wyoming,Denver,
Elijah Bowens,Morgan State,,
Lorne Bowman II,Wisconsin,Oakland,
Darius Bowser,Charleston Southern,Houston,
Tyree Boykin,Union,Appalachian State,"Jeff Goodman, Stadium"
Troy Boynton,Evansville,South Carolina,
Logan Bracamonte,Incarnate Word,Colorado Colorado Springs,
Davion Bradford,Kansas State,Wake Forest,
Johnny Braggs,Montana,,
Sherman Brashear,Western Kentucky,Texas–Rio Grande Valley,
Connor Braun,Northeastern,,
Trevon Brazile,Missouri,Arkansas,
Ledarrius Brewer,ETSU,UAB,
Tevin Brewer,Florida International,Duquesne,
Ty Brewer,ETSU,UAB,
Elijah Bridgers,Missouri State,,
Jalen Bridges,West Virginia,Baylor,"Joseph Tipton, On3"
Jerroda Briscoe,Prairie View A&M,,
"Wayne Bristol, Jr.",Howard,Georgetown,
Amir Britt,Manhattan,,
Trae Broadnax,Navy,USC Upstate,Hoop Scoop Media
Isaiah Broady,Jacksonville,,
Alex Brodsky,Binghamton,Nyack,
"Keion Brooks, Jr.",Kentucky,Washington,
Anton Brookshire,Missouri,Iona,
Johni Broome,Morehead State,Auburn,
Austin Brown,Radford,,
Brandon Brown,Arkansas–Pine Bluff,Wagner,
Bryce Brown,Tarleton State,UNC Pembroke,
Hayden Brown,The Citadel,South Carolina,
Johnny Brown,Florida A&M,,
Jomaru Brown,Eastern Kentucky,Coastal Carolina,
Judah Brown,Saint Mary's,South Alabama,"Jeff Goodman, Stadium"
Justin Brown,Jackson State,,
Kyree Brown,Seattle,New Hampshire,
Linton Brown,St. Bonaventure,Coastal Carolina,"Jon Rothstein, CBS Sports"
Luke Brown,Ball State,Stetson,
RaQuan Brown,UNC Asheville,South Carolina State,
Reece Brown,UNLV,Howard,
Robert Brown,Iona,Texas Wesleyan University,
Rod Brown,Jacksonville,Tarleton State,
Shandon Brown,Niagara,Franklin Pierce,
Tre Brown,Drexel,Old Dominion,
Wynton Brown,Northern Arizona,,
Darius Brown II,Cal State Northridge,Montana State,
Freddy Brown III,Montana,Central Washington,
Rob Brown III,Niagara,Butler Community College,
Mikeal Brown-Jones,VCU,UNCG,
Tommy Bruner,Jacksonville,Denver,"Tyler DeLuca, Gameday U Hoops"
Paul Bruns,North Dakota,South Dakota,
Keyshawn Bryant,South Carolina,South Florida,
Ante Brzović,Southeastern Oklahoma State,College of Charleston,"Jeff Goodman, Stadium"
Darius Burford,Elon,Illinois State,
Jordan Burge,Toledo,,
Caleb Burgess,Hofstra,UNC Asheville,"Justin Byerly, HoopSeen"
Kenny Burns,Kennesaw State,Polk State College,
"D.J. Burns, Jr.",Winthrop,NC State,"Jeff Goodman, Stadium"
Cam Burrell,Western Illinois,Lindenwood,
Braelon Bush,McNeese,Navarro College,
Antwuan Butler,NJIT,,
Aquarn Butler,New Mexico State,Prairie View A&M,Jake Lieberman
LaQuan Butler,Texas–Rio Grande Valley,Ouachita Baptist,
Rashamel Butler,South Carolina State,,
Zane Butler,SIUE,Navarro College,
Shavaul Butters,Texas–Rio Grande Valley,Northwestern Oklahoma State,
Jaylen Butz,Western Kentucky,,
Gedeon Buzangu,Idaho State,Albany State,
Jaden Byers,Pacific,Midland College,
Caleb Byrd,Jacksonville State,Eastern Florida State College,
Hakim Byrd,UMBC,,
David Böhm,Northern Kentucky,Eastern Washington,CBB Europe
Furaha Cadeaux de Dieu,Abilene Christian,Arkansas–Fort Smith,
Malachy Caffrey,Pepperdine,Green River College,
Joey Calcaterra,San Diego,Connecticut,
Alex Caldwell,North Carolina Central,UNC Asheville,
Sardaar Calhoun,Texas Tech,Drake,Jake Lieberman
Devan Cambridge,Auburn,Arizona State,
"Desmond Cambridge, Jr.",Nevada,Arizona State,
John Camden,Memphis,Virginia Tech,
Tahj-Malik Campbell,Morgan State,Columbia College,
Tyree Campbell,California Baptist,,
Kyle Cardaci,Coppin State,Saint Peter's,"Adam Zagoria, ZagsBlog"
"Wesley Cardet, Jr.",Samford,Chicago State,
Colin Carey,Northern Arizona,,
Donald Carey,Georgetown,Maryland,All Facts Media
Ben Carlson,Wisconsin,Utah,
James Carlson,Idaho State,Corban University,Corban MBB
Aidan Carpenter,Siena,Sacred Heart,
Robert Carpenter,Mississippi Valley State,,
Andrew Carr,Delaware,Wake Forest,
"Rodney Carson, Jr.",New Orleans,,
Camryn Carter,Mississippi State,Kansas State,
Courtney Carter,SIUE,Tarleton State,Jake Lieberman
Devin Carter,South Carolina,Providence,
Noah Carter,Northern Iowa,Missouri,
P.J. Carter,Campbell,Georgia Highlands College,
Derrick Carter-Hollinger,Montana,Bethune–Cookman,
Patrick Cartier,Hillsdale,Colorado State,
Matteus Case,Providence,William & Mary,
Aaron Cash,Texas A&M,UT Arlington,
Graham Cassoutt,South Dakota,,
Marsei Caston,New Mexico State,,
Kale Catchings,Harvard,Duke,"Joseph Tipton, On3"
Samkelo Cele,Marist,,
Christian Cevis,Fairfield,Adelphi,
Trent Champagne,Lindenwood,Millikin University,
Luke Champion,Missouri Western,Arizona,
Jack Chapman,Kansas City,Central Missouri,
Sy Chatman,Illinois State,Buffalo,
Taeshon Cherry,GCU,Marian University,
Joshua Chesney,Merrimack,St. Edward's,
Luke Chicone,Youngstown State,John Carroll University,
Chris Childs,Bryant,Lindenwood,
Tyler Chisom,South Dakota,Prairie View A&M,
Robert Chougkaz,Northwestern State,Harding,
Tanner Christensen,Idaho,Utah Tech,Jake Lieberman
Tredyn Christensen,Chaminade,Brigham Young,
Caleb Christopher,Tennessee Tech,,
Favour Chukwukelu,Chicago State,,
Ryan Claflin,Green Bay,Palm Beach Atlantic,
Cam Clardy,UTEP,,
E.J. Clark,Alabama State,George Washington,
Jack Clark,La Salle,NC State,
Jalon Clark,Prairie View A&M,North American University,
Kareem Clark,Alabama State,Cal Poly Humboldt,Jake Lieberman
Kobe Clark,Georgetown,Southeast Missouri State,
Aaron Clarke,Sacred Heart,Stony Brook,
Hugo Clarkin,Sacramento State,Bossier Parish Community College,
Tyzhaun Claude,Morehead State,Western Carolina,
Junior Clay,Tennessee Tech,Tennessee State,"Jeff Borzello, ESPN"
Dejuan Clayton,Hartford,California,
Chandler Clements,Austin Peay,,
Kejuan Clements,Eastern Illinois,,
Malcolm Clements,Eastern Michigan,,
Jalen Cobb,Fordham,Mercer,"Jeff Goodman, Stadium"
Tyler Cochran,Ball State,Toledo,
Spencer Cody,Xavier,,
Jimel Cofer,Stephen F. Austin,,
Brad Colbert,Louisville,Xavier,
Jerrell Colbert,LSU,Kansas State,
Jeriah Coleman,St. Francis (PA),Clarendon College,
Kaleb Coleman,Lipscomb,Elizabeth City State,
Kendal Coleman,Northwestern State,LSU,
Jarron Coleman II,Missouri,Ball State,
Lance Coleman II,Cal State Northridge,,
Marvin Coleman II,UNLV,Evansville,
Noah Collier,Pittsburgh,William & Mary,
Devin Collins,Marshall,University of Pikeville,
Frankie Collins,Michigan,Arizona State,
Kyle Colvin,Cal Poly,,
Maurice Commander,UIC,LIU,
Bailey Conrad,Western Kentucky,,
Ryan Conway,Seton Hall,Towson,
Chase Cook,Robert Morris,,
Jarius Cook,North Dakota State,Jacksonville,
Jarren Cook,Sam Houston State,Tyler Junior College,
Preston Cook,Auburn,Drury,
Tasos Cook,Stetson,Vincennes University,
Anthony Cooper,Caldwell,Marist,
Marquez Cooper,Bluefield State,New Orleans,
Ta'lon Cooper,Morehead State,Minnesota,
Tyree Corbett,Coppin State,Denver,
Josh Corbin,Winthrop,Robert Morris,
Anjay Cortez,Alabama A&M,San Diego City College,
Virshon Cotton,New Mexico State,,
Isaiah Cottrell,West Virginia,UNLV,
Jermaine Couisnard,South Carolina,Oregon,"Jon Rothstein, CBS"
Abdoul Karim Coulibaly,St. Bonaventure,UMass Lowell,FInest Magazine
Boubacar Coulibaly,USC,Pepperdine,
Ricky Council IV,Wichita State,Arkansas,
Khristion Courseault,Houston Baptist,Chattanooga,
Chase Courtney,Arizona State,,
Yuri Covington,William & Mary,UMass Lowell,
Isaiah Cozart,Western Kentucky,Eastern Kentucky,
Kvonn Cramer,Hofstra,Bryant,
Cameron Crawford,New Mexico State,,
Jacob Crews,North Florida,Daytona State College,
Pierre Crockrell II,Pacific,UC Irvine,
Jackson Cronin,Nebraska,,
Omar Croskey,South Carolina State,,
Matt Cross,Louisville,Massachusetts,
Austin Crowley,Ole Miss,Southern Miss,
Nelly Cummings,Colgate,Pittsburgh,
Kam'Ron Cunningham,Fordham,Coppin State,
Andre Curbelo,Illinois,St. John's,
Kamdyn Curfman,VMI,Marshall,
Carlos Curtis,SIUE,,
Mihai Cârcoană,Toledo,South Dakota,"Travis Branham, 247Sports"
Deven Dahlke,Drake,,
Dain Dainja,Baylor,Illinois,
E.J. Dambreville,Manhattan,Florida Southern,
Peyton Daniels,Vanderbilt,Stephen F. Austin,
Peyton Daniels,Stephen F. Austin,Jacksonville State,
Ben Daugherty,Elon,,
Keishawn Davidson,Tennessee Tech,Belmont,
Amari Davis,Missouri,Wright State,
Brendan Davis,UMBC,,
Brent Davis,The Citadel,Chicago State,
Christian Davis,Le Moyne,Bradley,
Dashawn Davis,Oregon State,Mississippi State,
Dre Davis,Louisville,Seton Hall,"Joseph Tipton, On3"
Elijah Davis,Mississippi Valley State,Walters State Community College,
Javian Davis,Mississippi State,UAB,
Jemal Davis,South Carolina State,Florida SouthWestern State College,
Kendric Davis,SMU,Memphis,
Matt Davis,Charleston Southern,Laramie County Community College,LCCC Sports
Tyreese Davis,Jacksonville,Eastern Washington,
Al-Amir Dawes,Clemson,Seton Hall,"Jon Rothstein, CBS"
Paris Dawson,Portland State,Seattle,
"Antonio Daye, Jr.",Fordham,Coastal Carolina,
Mike DePersia,IUPUI,Le Moyne,
Duke Deen,Troy,Bradley,
Jaiden Delaire,Stanford,San Diego,
Sekou Dembélé,Southern Illinois,Fort Lewis,
Dexter Dennis,Wichita State,Texas A&M,
Nazim Derry,Goldey–Beacom,New Hampshire,
Sherwyn Devonish,Morgan State,Rogers State,
Shane Dezonie,Vanderbilt,Temple,
Mike DiGiulio,Kent State,,
Mohamed Diallo,Stony Brook,,
Hassan Diarra,Texas A&M,Connecticut,
Ali Dibba,Chicago State,Abilene Christian,
Ebrima Dibba,Coastal Carolina,South Carolina,
Quentin Diboundje,Tennessee,East Carolina,
Kobe Dickson,Cornell,Howard,
David Didenko,UT Martin,,
AD Diedhiou,UAB,Louisiana–Monroe,
Rahsool Diggins,Connecticut,Massachusetts,"Adam Zagoria, ZagsBlog"
Josh Dilling,Queens (NC),Northern State,
"Keith Dinwiddie, Jr.",San Diego State,Weber State,"Mark Zeigler, San Diego Union-Tribune"
Assane Diouf,Austin Peay,,
Charles Dismuke,Jackson State,,
Julius Dixon,Morehead State,Missouri Western,
Lewis Djonkam,Radford,Morgan State,
Drake Dobbs,Liberty,St. Thomas,
Marcus Dockery,Maryland,Howard,
Jarvis Doles,Albany,UMBC,
Caleb Donaldson,St. Cloud State,Eastern Illinois,
Travonta Doolittle,Arkansas–Pine Bluff,Mid-America Christian University,
Gabe Dorsey,Vanderbilt,William & Mary,
"Shaun Doss, Jr.",SIUE,Arkansas–Pine Bluff,
Devonaire Doutrive,Boise State,,
Jeremy DowDell,Brigham Young,,
Dreshaun Doyne,Central Arkansas,Arkansas–Pine Bluff,Jake Lieberman
Fousseyni Drame,Saint Peter's,La Salle,"Andrew Slater, Pro Insight"
Hassan Drame,Saint Peter's,La Salle,"Andrew Slater, Pro Insight"
Lloyer Driggs,Tarleton State,Chaminade,"Tobias Bass, Crossover Media"
R.J. Duhart,Appalachian State,Charleston Southern,
Sean Duke,Manhattan,,
Devon Dunn,Fairleigh Dickinson,Campbell,
Joseph Dupree II,Jackson State,,
Oluwasegun Durosinmi,St. Bonaventure,Northern Illinois,
Michael Durr,Indiana,UCF,
Sean Durugordon,Missouri,Austin Peay,"Jeff Goodman, Stadium"
Deng Dut,Wyoming,Southern Utah,"Jon Rothstein, CBS"
Maj Dušanić,San Francisco,Hawaii Pacific,
Brandon Dwyer,La Salle,Florida Gulf Coast,
Freddie Dybala,California Baptist,,
Dhashon Dyson,St. Augustine's,Bethune–Cookman,
Tyree Eady,North Dakota State,North Texas,"Jeff Goodman, Stadium"
Josh Earley,Tulsa,Southeast Missouri State,
Grehlon Easter,Cal State Bakersfield,Eastern New Mexico,
Greg Eboigbodin,Northeastern,,
Melvyn Ebonkoli,Missouri State,,
Rip Economou,Seattle,,
Doug Edert,Saint Peter's,Bryant,"Jon Rothstein, CBS"
Malik Edmead,Merrimack,Albany,
Jason Edokpayi,Fairfield,New Haven,
Keon Edwards,Nebraska,Milwaukee,
Maximus Edwards,Kansas State,George Washington,
Nick Edwards,Glenville State,Valparaiso,
Sheldon Edwards,Valparaiso,Loyola Chicago,
Tarig Eisa,Lamar,Florida A&M,
Omar El Sheikh,Assumption,Arkansas State,
Nicolas Elame,UT Arlington,Longwood,Jake Lieberman
Gavyn Elkamil,Tulsa,Southeast Missouri State,Jake Lieberman
Yousef Elkugia,Eastern Washington,,
Luka Eller,Miami (OH),John Carroll University,
Tyler Ellingson,Milwaukee,,
Greg Elliott,Marquette,Pittsburgh,
David Elliott IV,Loyola Marymount,Garden City Community College,
Justice Ellison,Central Connecticut State,,
Emad Elniel,Utah Tech,Concordia St. Paul,
Patrick Emilien,St. Francis Brooklyn,Maryland,Toronto Basketball Academy
Iyen Enaruna,Evansville,Fort Hays State,
Tristan Enaruna,Iowa State,Cleveland State,
Victor Enoh,Marist,,
DeAngelo Epps,Hampton,Catawba,Jake Lieberman
Hunter Erickson,Brigham Young,Salt Lake Community College,
Dane Erikstrup,Cal Poly Pomona,Eastern Washington,
Aria Eskandari,Cleveland State,Southern Wesleyan,
Daniel Esparza,Cal Poly,Biola,
Bryson Etienne,Texas Southern,Southern,Jake Lieberman
Akili Evans,Sacramento State,Georgia Highlands College,
Alsean Evans,Little Rock,,
Ché Evans,UTEP,USC Upstate,
Ché Evans,San Diego State,UTEP,
Devin Evans,Omaha,USC Aiken,
Trace Evans,Kansas City,Seattle Pacific,Jake Lieberman
Yaradyah Evans,St. Francis Brooklyn,,
Nikita Evdokimov,College of Charleston,,
Davion Everett,Western Carolina,,
Arnór Eyþórsson,Toledo,,
Elochukwu Eze,SIUE,,
Kaosi Ezeagu,Kansas State,Sam Houston State,
Onyebuchi Ezeakudo,Pittsburgh,Radford,
Godsgift Ezedinma,Incarnate Word,East Central,
Bradley Ezewiro,LSU,Georgetown,
Kalu Ezikpe,Old Dominion,Cincinnati,
Austin Fadal,Eastern Washington,,
Tra'Von Fagan,Buffalo,UMBC,"Jon Rothstein, CBS Sports"
D.J. Fairley,Alabama A&M,Lawson State Community College,
Amadou Fall,Arkansas–Pine Bluff,,
Mario Fantina,Arkansas State,Arkansas–Monticello,
Francisco Farabello,TCU,Creighton,
Isaac Farah,ETSU,,
Elijah Farr,Murray State,,
Nick Farrar,College of Charleston,UNCW,
Trey Farrer,Utah Valley,Westminster,
Kam Farris,Robert Morris,Marist,
Will Felton,Arizona State,North Carolina A&T,
Quincy Ferebee,Portland,,
"A.J. Ferguson, Jr.",East Central,Southern Illinois,
Borja Fernández,Montana State,Kentucky Wesleyan,
Nick Ferrarini,Omaha,Wayne State (NE),
Caleb Fields,Bowling Green,Fairfield,
Omar Figueroa,North Alabama,Flagler,
Kyler Filewich,Southern Illinois,Wofford,
Jalen Finch,Jacksonville State,Georgia Southern,
Keenan Fitzmorris,Stanford,Stony Brook,
Luke Fizulich,Albany,,
Nick Fleming,Southern Utah,Cal Poly,
"Howard Fleming, Jr.",Illinois State,Winthrop,
Ja'Quavian Florence,Charleston Southern,Tallahassee Community College,
J.J. Flores,Western Illinois,,
Moses Flowers,Hartford,St. Bonaventure,
"Corey Floyd, Jr.",Connecticut,Providence,
Ahamadou Fofana,Canisius,Maryland Eastern Shore,
Michael Folarin,Eastern Washington,Nevada,
Mason Forbes,Harvard,Saint Mary's,
Chris Ford,Davidson,Robert Morris,
Robert Ford III,Idaho State,Montana State,
"Ray Ford, Jr.",Fairleigh Dickinson,Lamar State College–Port Arthur,
Jack Forrest,Saint Joseph's,Bucknell,
Jake Forrester,Temple,Saint Louis,
Armoni Foster,Indiana (PA),Buffalo,
Marco Foster,New Hampshire,Blinn College,
Tyler Foster,Mississippi Valley State,,
Xavier Foster,Iowa State,SMU,
Derek Fountain,Mississippi State,LSU,
Dominik Fragala,Delaware State,,
Tajah Fraley,Alcorn State,Cumberland University,
Jeremiah Francis III,New Mexico,Emmanuel,
Terren Frank,Vanderbilt,Idaho,
Javon Franklin,South Alabama,Georgia Tech,"Joseph Tipton, On3"
Jaden Frazier,Chattanooga,Rollins,
Luke Frazier,Ohio,John Carroll University,
Mikey Frazier,Utah Tech,,
Otis Frazier III,George Mason,UTEP,
Spencer Freedman,Harvard,,
Brayon Freeman,George Washington,Rhode Island,
Chris Freeman,Jackson State,New Mexico Highlands,
Josiah Freeman,Western Michigan,Howard College,
Mark Freeman,Illinois State,Morehead State,"Jeff Goodman, Stadium"
Noah Freidel,South Dakota State,James Madison,
Drew Friberg,Princeton,Belmont,
Alex Fudge,LSU,Florida,
Josiah Fulcher,Bowling Green,Clarendon College,
Caleb Fuller,UC Davis,Montana State,
Xavier Fuller,South Dakota,Northern Arizona,
"Dre Fuller, Jr.",UCF,Florida Atlantic,
Andrew Funk,Bucknell,Penn State,
Taylor Funk,Saint Joseph's,Utah State,
Jake Furgerson,Weber State,,
Jalen Gabbidon,Yale,Colorado,York Ballers
T.J. Gadsden,George Mason,Canisius,
Jalen Gaffney,Connecticut,Florida Atlantic,
Eric Gaines,LSU,UAB,Pro Insight
Jaylan Gainey,Brown,Florida State,"Joseph Tipton, On3"
Brevin Galloway,Boston College,Clemson,
Jackson Gammons,The Citadel,Anderson,
Dawson Garcia,North Carolina,Minnesota,"Travis Branham, 247Sports"
Jared Garcia,Charlotte,Salt Lake Community College,
Javohn Garcia,Massachusetts,College of the Sequoias,
Andersson García,Mississippi State,Texas A&M,FDM Athletics
Tommy Gardler,University of the Sciences,La Salle,
Patrick Gardner,Saint Michael's,Marist,
Matt Garry,Connecticut,,
Jeffrey Gary,Mercer,St. Edward's,
Juwan Gary,Alabama,Nebraska,
Rakeim Gary,South Carolina State,,
Steele Gaston-Chapman,Wichita State,Hutchinson Community College,
Tuon Gatkek,Florida,Texas State,
Mareng Gatkuoth,Montana State,,
Taelyr Gatlin,Denver,Jackson State,
Artemios Gavalas,St. John's,,
Legend Geeter,Providence,Eastern Michigan,
Jaylon Gentry,South Dakota State,Purdue Northwest,
Jonah Geron,Washington,,
C.J. Gettelfinger,Tennessee Tech,,
DeAndre Gholston,Milwaukee,Missouri,
Jaylon Gibson,NC State,Winston-Salem State,
Mason Gibson,Oakland,Midwestern State,
Miles Gibson,Metro State,Binghamton,
Miles Gibson,Saint Peter's,Metro State,
Trenton Gibson,Tusculum,Indiana State,
Umoja Gibson,Oklahoma,DePaul,
Kezza Giffa,UTEP,,
Saba Gigiberia,Georgia Tech,San Francisco,
Brock Gilbert,Utah Tech,,
Tyler Gill,Towson,Fayetteville State,
Montre' Gipson,Tarleton State,Charlotte,
Shamar Givance,Evansville,UTEP,"Nate Ryan, KVIA ABC-7 News"
Sasha Glushkov,Appalachian State,,
Sam Godwin,Wofford,Oklahoma,
Bryce Golden,Butler,Loyola Chicago,
Tre Gomillion,Cleveland State,Missouri,
Brycen Goodine,Providence,Fairfield,
Hunter Goodrick,South Dakota,California Baptist,
Antonio Gordon,Southeastern Louisiana,Oklahoma Christian,
D.J. Gordon,Fordham,Jacksonville State,
DaJuan Gordon,Missouri,New Mexico State,
Devin Gordon,Mississippi Valley State,North Carolina Central,
Jeff Grace,Arizona State,,
GianFranco 'Pipo' Grafals,Eckerd,Tarleton State,
Jalen Graham,Arizona State,Arkansas,
Michael Graham,Elon,Loyola Marymount,"Jon Rothstein, CBS"
Zeb Graham,Presbyterian,Limestone,
James Graham III,Maryland,Missouri State,"Jeff Goodman, Stadium"
Sylwester Granda,Seton Hall,,
Jacob Grandison,Illinois,Duke,"Joseph Tipton, On3"
Colin Granger,Ohio,Western Carolina,
Dae Dae Grant,Miami (OH),Duquesne,
Qua Grant,Wichita State,Sam Houston State,
Will Graves,Gonzaga,Southern Oregon University,
Aaron Gray,Southern New Hampshire,Niagara,
Matt Gray,UC San Diego,,
Michael Gray,George Mason,,
Lazar Grbović,Arkansas State,,
Richie Greaves,UMass Lowell,,
Jacksen Greco,Mercer,Anderson,
Malek Green,Canisius,Youngstown State,
Mike Green,South Carolina,,
Quinton Green,Cedarville,Valparaiso,
Tristan Green,Denver,,
"Darin Green, Jr.",UCF,Florida State,
Chris Greene,Cleveland State,Arkansas–Pine Bluff,
Marcus Greene,Sacramento State,Panola College,
Tykei Greene,Stony Brook,Kansas State,
Lynn Greer III,Dayton,Saint Joseph's,"Jake Weingarten, Stock Risers"
Sam Griesel,North Dakota State,Nebraska,
Zion Griffin,UIC,Tennessee State,
Mason Grigg,Coastal Carolina,,
John Grigsby,Wyoming,Concordia St. Paul,
Nick Guadarrama,New Hampshire,Florida International,"Jeff Borzello, ESPN"
Christian Guess,Prairie View A&M,,
Deuce Guidry,Texas State,Lamar State College–Port Arthur,
Evan Guillory,Vermont,Southern New Hampshire,
Sebastian Guitian,South Carolina State,Southern Miss,
Collen Gurley,Youngstown State,,
Willie Guy,North Dakota State,Angelo State,
Felipe Haase,Mercer,Southern Miss,
Ismail Habib,Texas–Rio Grande Valley,South Plains College,
Jamarius Hairston,Lees–McRae,ETSU,
Jordan Hairston,UNC Asheville,,
Brandon Hall,ETSU,Moberly Area Community College,
D'Marcus Hall,Louisiana–Monroe,Bossier Parish Community College,
Sean Halloran,Belmont Abbey,Elon,
Brad Halvorsen,Western Carolina,,
Grayson Haman,North Dakota State,,
Marcus Hammond,Niagara,Notre Dame,
"Greg Hammond, Jr.",UMass Lowell,Southern Arkansas,
Kaison Hammonds,San José State,,
A.J. Hamrick,Charleston Southern,Polk State College,
Devon Hancock,Milwaukee,Louisiana–Monroe,
Isaac Haney,Missouri State,Northwestern State,
Trendon Hankerson,Northern Illinois,Akron,
Trae Hannibal,Murray State,LSU,
Nate Hansen,Brigham Young,,
Maleeck Harden-Hayes,North Dakota State,UNCW,
Kyle Harding,Fresno State,Prairie View A&M,
Elijah Hardy,Cal State Northridge,,
Tae Hardy,Southern Miss,UTEP,
Elijah Harkless,Oklahoma,UNLV,
De'Vion Harmon,Oregon,Texas Tech,LEVEL 13 Agency
Zion Harmon,Western Kentucky,,
Ty Harper,Louisiana,Eastern Washington,
Brendan Harrick,Cal State Northridge,,
Armon Harried,Canisius,Binghamton,"Jeff Goodman, Stadium"
Anthony Harris,North Carolina,Rhode Island,
Blake Harris,North Carolina A&T,,
Gary Harris,Loyola Marymount,,
Jameon 'J.J.' Harris,Chicago State,Tallahassee Community College,Jake Lieberman
Quest Harris,Sacred Heart,,
Tyler Harris,Memphis,South Florida,
Ahmad Harrison,Fordham,,
Kasen Harrison,Lamar,Winthrop,
Rayshon Harrison,Presbyterian,GCU,
Russell Harrison,Louisiana–Monroe,Oklahoma State,TX Recruited
Victor Hart,Florida International,Southern Miss,
Jamal Hartwell II,George Mason,UC Riverside,"Jon Rothstein, CBS"
Austin Harvell,Tennessee Tech,Alabama A&M,"Jon Rothstein, CBS Sports"
Ahmard Harvey,Coastal Carolina,High Point,
Bobby Harvey,IUPUI,Portland State,
Keegan Harvey,College of Charleston,George Washington,"Houston Wilson, Prep Hoops"
Mehkel Harvey,William & Mary,,
Yaru Harvey,Portland,Northwest Nazarene,
Mark Hatch,Utah Tech,,
Langdon Hatton,William & Mary,Bellarmine,
Chauncey Hawkins,St. Francis Brooklyn,Bryant,
Jalen Hawkins,Norfolk State,Morehead State,
Raymond Hawkins III,Long Beach State,,
Cam Hayes,NC State,LSU,
Jalen Haynes,Virginia Tech,ETSU,"Jon Rothstein, CBS"
Noah Haynesworth,UC Davis,,
Curtis Haywood II,Tulsa,Central Oklahoma,
Cameron Healy,Central Michigan,Southern Utah,
D.J. Heath,Alabama State,Western New Mexico,
Deacon Heath,UNC Asheville,Bethel University,
Jay Heath,Arizona State,Georgetown,Georgetown Hoops
Samaad Hector,Sacramento State,Central Washington,
Javen Hedgeman,Prairie View A&M,,
Brock Heffner,Hawaii,Green Bay,
Jordan Henderson,McNeese,Lamar State College–Port Arthur,
Mikel Henderson,UT Martin,Central Missouri,
Semaj Henderson,Jacksonville State,,
"Cedric Henderson, Jr.",Campbell,Arizona,
Vante Hendrix,Cal State Northridge,,
Michael Henn,Denver,Penn State,
Blake Henry,Colgate,,
DeAndre Henry,Nevada,UC Davis,
Matt Herasme,Marist,New Hampshire,
Jeremiah Hernandez,Kent State,Southern Indiana,
Keaton Hervey,Missouri State,Oakland,
Kyle Hicks,Tarleton State,,
Jerry Higgins III,The Citadel,John Carroll University,
Deshaun Highler,Sacramento State,,
Anquan Hill,Fairleigh Dickinson,St. Bonaventure,
Jamere Hill,Toledo,Lewis,
Justice Hill,Murray State,LSU,
Justin Hill,Longwood,Georgia,
Tahjae Hill,Niagara,,
Mounir Hima,Duquesne,Syracuse,"Joseph Tipton, On3"
Blake Hinson,Iowa State,Pittsburgh,
Ramean Hinton,Western Illinois,,
Isaac Hippolyte,Coastal Carolina,Chowan,
Nick Hittle,Indiana State,Southern Indiana,
Hákon Hjálmarsson,Binghamton,,
DyShawn Hobson,Oregon State,,
D'Moi Hodge,Cleveland State,Missouri,
Jalen Hodge,James Madison,SIUE,SIUE Cougars
Quentin Hodge,USC Upstate,Polk State College,
Jaheim Holden,Tarleton State,Fort Hays State,
Tanner Holden,Wright State,Ohio State,
Collin Holloway,Georgetown,Tulane,"Jeff Goodman, Stadium"
Jaren Holmes,St. Bonaventure,Iowa State,"Jonathan Givony, Draft Express"
Eden Holt,Milwaukee,,
Jusaun Holt,Alabama,Georgia,
Kiimani Holt,Portland State,,
Drew Honas,Kansas State,,
Nick Honor,Clemson,Missouri,
Bryce Hopkins,Kentucky,Providence,
P.J. Horne,Georgia,,
Ithiel Horton,Pittsburgh,UCF,
Jamel Horton,Albany,Mississippi State,
"Donte Houston, Jr.",Texas–Rio Grande Valley,Southeastern Louisiana,
Brendan Howard,North Dakota,University of Providence,
Lee'Andre Howard,Mississippi Valley State,,
McKay Howell,Southeastern Louisiana,,
"Trent Hudgens, Jr.",Northern Colorado,Arizona Christian University,
Honor Huff,VMI,Chattanooga,"Jeff Goodman, Stadium"
Darrius Hughes,Omaha,,
Jock Hughes,Prairie View A&M,,
John-Michael Hughes,High Point,,
Phillip Hughes,UT Martin,Pearl River Community College,
DáJion Humphrey,Holy Cross,Garden City Community College,
Gianni Hunt,Oregon State,Sacramento State,
Caleb Hunter,Mississippi Valley State,,
Chance Hunter,California Baptist,Cal Poly,
Jaylin Hunter,Old Dominion,Ohio,
Sammy Hunter,Ole Miss,Akron,
Tyrese Hunter,Iowa State,Texas,
"Eric Hunter, Jr.",Purdue,Butler,
Brandon Huntley-Hatfield,Tennessee,Louisville,"Joseph Tipton, on3"
Kai Huntsberry,Mary,North Texas,
Trey Hurlburt,UNLV,,
"Luis Hurtado, Jr.",Bryant,Mercer,
Alem Huseinović,Nevada,Rice,"Mark Berman, FOX 26"
Robert Hutchens,Northern Arizona,Allan Hancock College,
Noah Hutchins,Rice,Ranger College,
Brett Hutchison,Binghamton,,
Ethan Igbanugo,North Dakota,Cal State Northridge,
Timothy Ighoefe,Georgetown,California Baptist,
Sam Ihekwoaba,Maine,Western Texas College,
Stephane Ingo,Maine,Marist,
Tariq Ingraham,Wake Forest,Rider,
Chuks Isitua,IUPUI,Fresno State,
Rick Issanza,Oklahoma,Loyola Marymount,"Jon Rothstein, CBS"
Jao Ituka,Marist,Wake Forest,"Les Johns, Demon Deacon Digest"
Mike Iuzzolino,Bryant,Lake Erie,
Donovan Ivory,Green Bay,Southern Miss,
Jordan Ivy-Curry,UTSA,Pacific,
Abayomi Iyiola,Hofstra,Kansas State,"Jeff Goodman, Stadium"
Tegra Izay,La Salle,Harcum College,
Artan Jabbar,UTSA,,
Antoine Jacks,Fairleigh Dickinson,,
Clarence Jackson,Wichita State,Jacksonville State,
D.J. Jackson,Alabama State,,
Delveion Jackson,Canisius,,
Jaylen Jackson,North Carolina A&T,,
Tre Jackson,Iowa State,Western Carolina,
Wade Jackson,Loyola (MD),,
Zeb Jackson,Michigan,VCU,
Jack Jamele,Utah,,
Crosby James,Anderson,Presbyterian,
Jehloni James,Georgia Tech,,
Miles James,Cal State Northridge,,
Reggie James,Coppin State,Albany State,
Trey James,Iona,Robert Morris,
Brock Jancek,Tennessee,ETSU,
Seikou Sisoho Jawara,Weber State,San Diego,
Chaunce Jenkins,Wichita State,Old Dominion,
"David Jenkins, Jr.",Utah,Purdue,"Joseph Tipton, On3"
Cameron Jernigan,Tarleton State,Cowley College,
Cartier Jernigan,USC Upstate,Johnson C. Smith,
Kur Jockuch,Northern Colorado,Temple,
Monty Johal,Tennessee State,Carson–Newman,Ozarks Sports Zone
Max Johns,Princeton,Duke,
"Brandon Johns, Jr.",Michigan,VCU,
Austin Johnson,UC Irvine,North Carolina A&T,
Britton Johnson,Alabama,Samford,
D.J. Johnson,Southern,,
Dakari Johnson,Campbell,,
DeVale Johnson,Kent State,,
Isaac Johnson,Oregon,Utah State,
Jacob Johnson,Kansas City,LIU,
Jalen Johnson,UIC,Union,
Jalen Johnson,Alabama A&M,Milwaukee,
Jamal Johnson,UAB,Chattanooga,"Jeff Goodman, Stadium"
Javan Johnson,Iowa State,DePaul,
Jayden Johnson,Illinois State,,
Jordan Johnson,Denver,,
Jordan Johnson,Queens (NC),,
K.J. Johnson,Lipscomb,North Alabama,
Keyontae Johnson,Florida,,
Kyle Johnson,Cal State Monterey Bay,Delaware State,
Nathan Johnson,UMBC,Samford,
R.J. Johnson,Holy Cross,Charleston Southern,
Ty Johnson,Loyola Chicago,UC Davis,
Xavier Johnson,George Mason,Southern Illinois,
Quinton Johnson II,Texas–Rio Grande Valley,East Central,
Jackie Johnson III,Duquesne,UNLV,
"Meechie Johnson, Jr.",Ohio State,South Carolina,"Joseph Tipton, On3"
"Tony Johnson, Jr.",UCF,,
Chase Johnston,Stetson,Florida Gulf Coast,
Jarkel Joiner,Ole Miss,NC State,
Cameron Jones,St. Francis Brooklyn,,
Cole Jones,Lindenwood,,
David Jones,DePaul,St. John's,"Zach Braziller, New York Post"
Elijah Jones,Southern Indiana,John A. Logan College,
Jordan Jones,Cornell,,
Kanye Jones,Boston College,Buffalo,
Max Jones,Tampa,Cal State Fullerton,
Michael Jones,Davidson,Stanford,
Tavon Jones,Merrimack,Nichols College,
"Darrick Jones, Jr.",Towson,Le Moyne,
"Russell Jones, Jr.",Winthrop,Western Carolina,
Darryl Jordan,Jackson State,,
Tai'Reon Joseph,Radford,East Central Community College,
Evan Joyner,Tennessee State,Yavapai College,
Gedi Juozapaitis,Georgia Southern,Maine,
Joël Kabimba,George Mason,Bryant,
Joël Kabimba,Bryant,Saint Michael's,NERR Hoops
Sekou Kalle,Akron,Evansville,
Modestas Kancleris,Creighton,Cal State Bakersfield,
Samba Kane,Milwaukee,,
Isaac Kante,LIU,,
Dardan Kapiti,Florida Atlantic,Eastern Kentucky,
Kyle Karstetter,Idaho State,North Idaho College,
Joe Kasperzyk,Southeastern Louisiana,Niagara,
Luke Kasubke,Kansas State,Illinois State,
Martin Kawa,UNC Asheville,,
Samuel Keita,North Carolina Central,,
Yaya Keita,Missouri,Oklahoma,
C.J. Kelley,Florida International,McLennan Community College,
Japannah Kellogg III,Green Bay,Albany,
Andre Kelly,California,UC Santa Barbara,
Brenden Kelly,East Carolina,,
C.J. Kelly,Massachusetts,UCF,
Jerrel Kelly,Queens (NC),St. Thomas Aquinas,
Jamon Kemp,Southeastern Louisiana,College of Southern Idaho,
Jeremiah Kendall,Prairie View A&M,Wagner,
Elijah Kennedy,Florida,Texas State,
Jaden Kennedy,Campbell,University of South Carolina Salkehatchie,
Keondre Kennedy,UMBC,UNCG,"Jeff Goodman, Stadium"
Keonte Kennedy,UTEP,Memphis,
Colin Kenney,Furman,Lewis,
Sherif Kenney,La Salle,Bryant,"Jon Rothstein, CBS"
Jayson Kent,Bradley,Indiana State,
Zach Kent,Delaware State,,
Franck Kepnang,Oregon,Washington,
Carius Key,Texas A&M–Commerce,,
Tyreke Key,Indiana State,Tennessee,
Naseem Khaalid,Morgan State,Wake Technical Community College,
Ethan Kilgore,Idaho,Missouri Western,
Cameron Kimble,Western Michigan,,
Antwan Kimmons,Northern Iowa,Concordia St. Paul,
Dontavius King,North Carolina Central,Shaw,
Elias King,Quinnipiac,,
Jalen King,Northwestern State,Texas–Permian Basin,
Jon King,Kent State,,
Kellen King,Missouri–St. Louis,San José State,
Paul King,Alcorn State,Oklahoma Baptist,
Tre King,Georgetown,Iowa State,
Kace Kitchel,Lindenwood,Rocky Mountain College,
Lukas Kišūnas,Stanford,Denver,
Maks Klanjšček,Maine,Houston Baptist,
Max Klesmit,Wofford,Wisconsin,
Dimitrios Klonaras,California,,
Seneca Knight,Brigham Young,Illinois State,
Connor Kochera,William & Mary,Davidson,
Jonathan Komagum,Sacramento State,Southeastern Louisiana,
Noah Kon,Northern Illinois,Colorado Christian,
Kanon Koster,South Dakota,Saint Leo,
Kai Kostmayer,Bryant,Williston State College,"Jeff Goodman, Stadium"
Jefferson Koulibaly,Washington State,SMU,
Souleymane Koureissi,Richmond,Radford,
Nicholas Kratholm,Niagara,,
Ian Krishnan,Central Connecticut State,Cal Poly Humboldt,Jake Lieberman
Majok Kuath,San José State,Northwestern State,
Zool Kueth,Northern Illinois,Tennessee State,
Brandon Kulakowski,Canisius,,
Jordan Kwiecinski,Drake,Eckerd,
Jake Kyman,UCLA,Wyoming,
Cem Kırcıman,Green Bay,Lewis,
Ga'Khari LaCount,Longwood,,
Bakari LaStrap,IUPUI,Blinn College,
Nate Lacewell,Texas State,Morehouse,"Jon Rothstein, CBS Sports"
Trevor Lakes,Nebraska,Southern Indiana,
Lado Laku,Cal State Fullerton,,
Keith Lamar,Stetson,South Georgia State College,"Cory Baldwin, SGSC"
Mason Landdeck,Eastern Washington,Hawaii Pacific,
Khristian Lander,Indiana,Western Kentucky,"Joseph Tipton, On3"
Logan Landers,Kansas State,GCU,
Chase Lane,Tarleton State,,
Eduardo Lane,San José State,Siena,
Matthew Lang,Gonzaga,Arizona,
Emory Lanier,Davidson,SMU,
Leo Lara,Texas A&M–Commerce,,
Ryan Larson,Wofford,College of Charleston,C of C Men's Basketball
Marcus Larsson,UIC,,
Bryce Laskey,St. Francis (PA),Palm Beach Atlantic,
Jordan Lathon,Milwaukee,Morehead State,"Jon Rothstein, CBS"
Abba Lawal,Alabama A&M,,
Colton Lawrence,Bentley,UMBC,
Malik Lawrence-Anderson,Texas–Rio Grande Valley,Newman,
Luke Lawson,UNC Asheville,Virginia–Wise,
Ambaka Le Gregam,Presbyterian,,
"Josh LeBlanc, Sr.",UAB,Nicholls State,
Avontez Ledet,Lamar,Lamar State College–Port Arthur,
Ira Lee,George Washington,College of Charleston,
Isaiah Lee,UC Irvine,Sacramento State,
James Lee,NJIT,,
Kolby Lee,Utah Tech,Idaho State,
Matthew Lee,Saint Peter's,Missouri State,
Georges Lefebvre,Vermont,Simon Fraser,
Jakevan Leftridge,Troy,,
Felix Lemetti,Omaha,Southern Utah,
Remy Lemovou,Coppin State,Lindenwood,
Matthew Lentz,Jacksonville,Southeastern University,
Chris Lester,New Hampshire,,
Marlon Lestin,East Carolina,Murray State,
Wildens Leveque,South Carolina,Massachusetts,
Garrett Levesque,Tarleton State,UTEP,
Steven Levnaic,Niagara,St. Francis Xavier University,
Andrew Lewis,Chicago State,,
Brad Lewis,Central State,Jacksonville State,
Curt Lewis,Eastern Kentucky,John A. Logan College,
Isaiah Lewis,Northern Arizona,Western New Mexico,
Julian Lewis,William & Mary,Miami (OH),
Seryee Lewis,Kansas State,Rice,"Mark Berman, FOX 26"
Terence Lewis II,Jackson State,,
Gerald Liddell,Alabama State,Detroit Mercy,"Jon Rothstein, CBS Sports"
Zach Light,Colgate,,
Isaac Likekele,Oklahoma State,Ohio State,
Brody Limric,Quinnipiac,Central Connecticut State,
Carlton Linguard,Kansas State,UTSA,
Xavier Lipscomb,Radford,Mount St. Mary's,"Adam Finkelstein, ESPN"
Keith Littles,Florida A&M,Western New Mexico,
Jaelin Llewellyn,Princeton,Michigan,"Matt Norlander, CBS Sports"
Liam Lloyd,GCU,Northern Arizona,
Noah Locke,Louisville,Providence,
Tyreke Locure,UAB,Louisiana–Monroe,
Kyle Lofton,St. Bonaventure,Florida,
Caleb Lohner,Brigham Young,Baylor,
Dom London,Maryland Eastern Shore,,
Jahari Long,Seton Hall,Maryland,
Owen Long,Youngstown State,Emporia State,
Parker Long,Southeast Missouri State,Missouri Southern,
Angel Lopez,St. Francis Brooklyn,,
"Oscar Lopez, Jr.",Central Michigan,,
André Lorentsson,Saint Louis,Toledo,
Christian Lorng,American,,
David Loville,Grambling State,,
Kyrell Luc,Holy Cross,St. Bonaventure,
Michael Lucarotti,Youngstown State,Gannon,
Jarod Lucas,Oregon State,Nevada,
Jonathan Lucas,McNeese,,
Marko Lukić,Little Rock,Denver,
Tyler Lundblade,SMU,TCU,
Drew Lutz,Incarnate Word,Bethel University,
Ethan Lynch,Campbell,,
Nic Lynch,Lehigh,San Diego,
Brock Mackenzie,Point Loma Nazarene,Idaho State,
Julian Mackey,Niagara,,
"Dante Maddox, Jr.",Cal State Fullerton,Toledo,
"Tray Maddox, Jr.",Cal State Fullerton,Western Michigan,
Joey Madimba,Tarleton State,,
T.J. Madlock,South Carolina State,Alabama State,
Mason Madsen,Cincinnati,Boston College,
Carter Mahaney,Northern Arizona,Chico State,
Dušan Mahorčič,Utah,NC State,
Mabor Majak,Cleveland State,Missouri,
Tutu Majok,Green Bay,,
Adong Makuoi,Northern Illinois,Tennessee State,
Dravon Mangum,Radford,Louisiana Tech,
Ezra Manjon,UC Davis,Vanderbilt,
Jamaine Mann,Vanderbilt,Georgia State,
James Manns,Wright State,Ashland,"Zach Fleer, 270 Hoops"
Romelle Mansel,Long Beach State,Jackson State,
Edward Manuel,Northern Illinois,,
Valdir Manuel,New Mexico,Catawba,Jake Lieberman
B.J. Marable,UNC Asheville,Triton College,
Carlo Marble,Chicago State,,
Julius Marble II,Michigan State,Texas A&M,
Bonke Maring,UTEP,Houston Baptist,
Hunter Marks,Hartford,Sacramento State,
"Carlos Marshall, Jr.",Tennessee State,Santa Clara,
Brandon Martin,South Carolina,,
Kevin Martina,Sam Houston State,Robert Morris,
Judson Martindale,Holy Cross,Pacific,
Jayden Martinez,New Hampshire,North Texas,
Alston Mason,Oklahoma,Missouri State,
Josh Massey,Western Carolina,Wingate,
Michael Matas,SIUE,Brock University,
Aleksa Matić,North Alabama,,
Milton Matthews,North Carolina A&T,St. Thomas University,
"Emmitt Matthews, Jr.",Washington,West Virginia,
Branden Maughmer,Cedarville,Morehead State,
Akol Mawein,Oklahoma,Sacramento State,"Michael Houben, The Pick and Roll"
Matthew Mayer,Baylor,Illinois,
Mayoum Mayoum,Loyola Marymount,Miami Dade College,
Vukašin Mašić,Maine,Portland,
Josh Mballa,Buffalo,Ole Miss,
Ryan McAdoo,North Carolina,,
Bryce McBride,Eastern Michigan,Youngstown State,
Mardrez McBride,North Texas,Georgia,
Elijah McCadden,Georgia Southern,Memphis,
Courvoisier McCauley,DePaul,Indiana State,
Nathan McClure,IUPUI,Stonehill,
K.J. McClurg,New Hampshire,California (PA),
Andrew McConnell,James Madison,USC Upstate,
Carson McCorkle,Virginia,Wofford,
Travion McCray,Western Carolina,South Carolina State,
Jalyn McCreary,South Florida,Mercer,
"Kevin McCullar, Jr.",Texas Tech,Kansas,
David McCullough,Bowie State,Morgan State,Jake Lieberman
Miles McDougal,Prairie View A&M,,
Camron McDowell,Georgia,Jacksonville State,
Matt McFarlane,Wichita State,La Salle,
Matt McFarlane,La Salle,Hampton,
Kamari McGee,Green Bay,Wisconsin,
Jon'Quarius McGhee,Nicholls State,Bossier Parish Community College,
Caleb McGill,UC Davis,Metro State,
A.J. McGinnis,Cincinnati,Lipscomb,
Jaelen McGlone,Rider,,
Gavin McGrath,North Dakota,,
Brendan McGuire,Quinnipiac,Sacred Heart,Jake Lieberman
Kendall McHugh,Idaho,Concordia Irvine,
Hunter McIntosh,Elon,Nevada,
"Mario McKinney, Jr.",New Mexico State,UTEP,"Dave Matter, St. Louis Post-Dispatch"
Jayveous McKinnis,Jackson State,Ole Miss,
Cade McKnight,Truman State,Indiana State,
Logan McLaughlin,Abilene Christian,New Mexico Junior College,
Trenton McLaughlin,Central Connecticut State,Northern Arizona,
Tyron McMillan,Georgia,McNeese,"Jon Rothstein, CBS Sports"
Nicholas McMullen,Murray State,UNC Asheville,"Justin Byerly, HoopSeen"
Tyce McNair,James Madison,,
"Will McNair, Jr.",New Mexico State,Mississippi State,
Camron McNeil,Radford,,
Sean McNeil,West Virginia,Ohio State,
Darius McNeill,UTSA,Troy,
Cashius McNeilly,TCU,Northern Oklahoma College-Tonkawa,
Callum McRae,UC Riverside,Sacramento State,Jake Lieberman
Angus McWilliam,UC Riverside,,
Braxton Meah,Fresno State,Washington,
Jahveon 'Jahvy' Medearis,Cal State Bakersfield,,
Brendan Medley-Bacon,McNeese,North Carolina Central,
Chuka Mekkam,Drexel,Newman,
Peyton Mele,Oakland,,
Sebastian Mendoza,San José State,,
Charles Mendys,Elon,,
Mike Mensah,Maryland Eastern Shore,,
C.J. Meredith,Marshall,Charleston,
Noah Meren,Brown,,
Corbin Merritt,Austin Peay,Converse,
Sam Mervis,Indiana State,,
Rifen Miguel,Troy,UT Martin,
Selton Miguel,Kansas State,South Florida,
Kortrijk Miles,West Alabama,Prairie View A&M,
"Igor Miličić, Jr.",Virginia,Charlotte,
Ashton Miller,Wagner,,
Hercy Miller,Xavier,Louisville,
Hercy Miller,Tennessee State,Xavier,
Isaac Miller,Eastern Illinois,,
Masen Miller,Truman State,Indiana State,Jake Lieberman
Miles Miller,Lipscomb,Mississippi College,
Tony Miller,Washington State,,
"Amondo Miller, Jr.",Colorado,,
Jalen Milner,Coastal Carolina,,
Nikola Milošević,Portland,,
Isaiah Minter,Eastern Kentucky,,
Anderson Mirambeaux,Cleveland State,Miami (OH),
David Mitchell,Brown,Niagara,
DeRohn 'D.J.' Mitchell,Hartford,,
Jayme Mitchell,Alabama State,Jackson State,
Kolton Mitchell,Massachusetts,,
Makhel Mitchell,Rhode Island,Arkansas,
Makhi Mitchell,Rhode Island,Arkansas,
RayQuawndis Mitchell,UIC,Kansas City,
Tre Mitchell,Texas,West Virginia,WVU Hoops
Tre Mitchell,Central Connecticut State,Angelo State,
Divant'e Moffitt,Seattle Pacific,Idaho,
Pape Momar Cissé,North Alabama,Clayton State,
Matthew-Alexander Moncrieffe,Oklahoma State,Georgia,"Jon Rothstein, CBS"
Matthew Mondesir,Bethune–Cookman,,
Bryce Monroe,San Diego,IUPUI,
Madison Monroe,Western Carolina,,
Aanen Moody,Southern Utah,Montana,
Jules Moor,Stephen F. Austin,,
Chance Moore,Arkansas,Missouri State,
Chance Moore,Jackson State,,
Clifton Moore,La Salle,Providence,
Donavan Moore,Green Bay,Lindenwood,
Isaiah Moore,Franklin Pierce,South Alabama,"Jon Rothstein, CBS"
Isaih Moore,Southern Miss,Fresno State,
Jamir Moore,Charleston Southern,,
Jayshawn Moore,Tarleton State,Navarro College,Navarro Basketball
Kendle Moore,Colorado State,Missouri State,
Khalid Moore,Georgia Tech,Fordham,"Andrew Slater, Pro Insight"
Marquis Moore,Southern Utah,Hawaii Pacific,
Payton Moore,Denver,Cal State Los Angeles,
Rahmir Moore,Saint Joseph's,Wagner,"Adam Zagoria, ZagsBlog"
Sean Moore,St. Thomas Aquinas,Fairleigh Dickinson,
Trevor Moore,Morgan State,Minnesota State,
Marco Morency,Alcorn State,,
Jorge Moreno,New Mexico State,,
Elijah Morgan,Notre Dame,,
Matthew Mors,Wisconsin,South Dakota State,
Tay Mosher,East Carolina,Bryant,
Isiaih Mosley,Missouri State,Missouri,
Javian Mosley,Mercer,,
T.J. Moss,McNeese,,
Jamir Moultrie,Kennesaw State,Canisius,
Bryson Mozone,USC Upstate,Georgetown,"Joseph Tipton, On3"
Aamer Muhammad,Lubbock Christian,Troy,
Malik Muhammad,Southern Utah,,
Andre Mulibea,Utah Tech,Salt Lake Community College,
Chris Mullins,Rice,William & Mary,
Jabe Mullins,Saint Mary's,Washington State,
Kendall Munson,Pepperdine,Portland State,
Aaron Murphy,UC Davis,,
Caleb Murphy,South Florida,DePaul,
Jason Murphy,NJIT,,"Adam Zagoria, ZagsBlog"
Montavious Murphy,Kansas State,Stephen F. Austin,
Qon Murphy,New Hampshire,UNC Pembroke,
Tomas Murphy,Vermont,Nova Southeastern,
Brandon Murray,LSU,Georgetown,"Jeff Goodman, Stadium"
Patrick Mwamba,UT Arlington,Oral Roberts,
Jahmel Myers,New Orleans,,
Ryan Myers,Iona,,
Montavious Myrick,Northern Illinois,,
Jacob Månsson,NJIT,,
Jay Nagle,UC Santa Barbara,Idaho State,
Pete Nance,Northwestern,North Carolina,
Walyn Napper,Southern Miss,Longwood,
K.C. Ndefo,Saint Peter's,Seton Hall,"Jon Rothstein, CBS"
Abdou Ndiaye,Illinois State,Seton Hall,
Seny Ndiaye,West Virginia,USC Upstate,
A.J. Neal,Long Beach State,Chicago State,
Jonathan Ned,Georgia,,
Adrian Nelson,Northern Kentucky,Youngstown State,
Anders Nelson,St. Thomas,William & Mary,
Eoin Nelson,Wyoming,North Alabama,
Marek Nelson,Texas–Rio Grande Valley,Nicholls State,
Quamain Nelson,South Carolina State,,
Ricky 'Doc' Nelson,Texas–Rio Grande Valley,,
Jordan Nesbitt,Saint Louis,Hampton,
Donovan Newby,Milwaukee,UNCW,
Zach Newkirk,Central Connecticut State,,
Emmanuel Newsome,Oakland,,
Brock Newton,Bucknell,University of Ottawa,
Jawaun Newton,Evansville,Southern Illinois,
Tristen Newton,East Carolina,Connecticut,"Jeff Borzello, ESPN"
Tshiefu Ngalakulondi,Fairfield,,
Madiaw Niang,Florida Atlantic,,
DQ Nicholas,Southeast Missouri State,Gardner–Webb,
James Nichols,Stetson,,
"Jimmy Nichols, Jr.",VCU,Coastal Carolina,
Devin Nicholson,LIU,,
Corey Nickerson,Lamar,,
Cameron Niles,UC Davis,,
Jayden Nixon,Virginia,,
Mo Njie,Eastern Michigan,SMU,
Dean Noll,Cornell,Stony Brook,
Landers Nolley II,Memphis,Cincinnati,
Eric Northweather,Truman State,Drake,
Shane Nowell,Arizona,UNLV,
Matt Nunez,ETSU,Missouri Western,
Ike Nweke,Columbia,Quinnipiac,All Facts Media
George Nwogu,Cal State Northridge,Arizona Western College,
Peter Nwoke,Michigan State,Southern Indiana,
David Nzekwesi,Weber State,,
David N’Guessan,Virginia Tech,Kansas State,
Brady O'Connell,Old Dominion,Drury,
Josh O'Garro,San José State,Colby Community College,
Prosper Obidiebube,Longwood,,
Casmir Ochiaka,Loyola (MD),,
Joseph Octave,Air Force,Holy Cross,
Caleb Oden,Nevada,San Francisco State,
Efe Odigie,Troy,SMU,"Brian Burton, All-Access Network"
Dwon Odom,Xavier,Georgia State,
K.J. Odour,Western Carolina,College of Southern Idaho,
Femi Odukale,Pittsburgh,Seton Hall,
Mezie Offurum,Mount St. Mary's,James Madison,
Michael Ofoegbu,San José State,Colby Community College,
Alec Oglesby,UNCW,Stetson,
R.J. Ogom,Purdue Fort Wayne,,
Daniel Ogoro,Youngstown State,St. Thomas University,
Victor Ohia Obioha,Pepperdine,,
John Ojiako,Virginia Tech,George Mason,
Gus Okafor,Southeastern Louisiana,Wichita State,
Toby Okani,Duquesne,UIC,
Chinedu Kingsley Okanu,Northern Illinois,Grand Valley State,
Laolu Oke,Metro State,Montana,
Dan Oladapo,Pittsburgh,North Carolina Central,
Gabe Oliveira,Pacific,,
Erik Oliver,South Dakota,Tennessee Tech,Jake Lieberman
Kiran Oliver,New Mexico State,Indian Hills Community College,
A.J. Oliver II,Old Dominion,,
Ed Oliver-Hampton,Hampton,South Carolina State,Hoop Scoop Media
Jarvis Omersa,St. Thomas,,
Norchad Omier,Arkansas State,Miami,
Malik Ondigo,Rice,Texas Tech,
Sam Onu,Memphis,Florida Gulf Coast,
Chandler Oriahki,Prairie View A&M,Evangel University,
Elijah Ormiston,Concordia St. Paul,South Alabama,
Tomer Oron,Holy Cross,,
Kevin Osawe,Little Rock,NJIT,Jake Lieberman
Chris Osten,Northern Illinois,IUPUI,IUPUI Jaguars
Osun Osunniyi,St. Bonaventure,Iowa State,
Frazier Ott,Lindenwood,Millikin University,
"Bryon Ottrix, Jr.",Detroit Mercy,Slippery Rock,
Irekefe Oweh,Penn State,,
Chaz Owens,Syracuse,Ranger College,
Kyle Owens,Montana,UC Riverside,"Jeff Goodman, Stadium"
Kylon Owens,Tarleton State,Angelo State,
L.J. Owens,UMBC,Delaware,
Darian Owens-White,Wayne State (MI),Ball State,
Dylan O’Hearn,NJIT,Jacksonville,
Nijel Pack,Kansas State,Miami,"Jonathan Givony, Draft Express"
Emmette Page,Evansville,Lincoln (MO),
Jay Pal,Jacksonville State,,
Nick Pappas,Milwaukee,,
Bubba Parham,Georgia Tech,Samford,
Cameron Parker,Montana,Portland State,
Mike Parker,Butler,,
Arashma Parks,Temple,Detroit Mercy,
Elijah Parquet,Colorado,UNLV,
Daniel Parrish,Florida International,,
Micah Parrish,Oakland,San Diego State,
Garrett Pascoe,Boston University,Cal State East Bay,
Sarju Patel,Cornell,Albany,
Austin Patterson,Wofford,Sacramento State,
Lu'Cye Patterson,Missouri State,Charlotte,
Lance-Amir Paul,Gannon,Nicholls State,
Omar Payne,Illinois,Jacksonville,"Jon Rothstein, CBS"
Paxton Payne,Kansas City,,
Zan Payne,Kentucky,,
Chris Payton,Pittsburgh,,
Tamell Pearson,Western Illinois,Appalachian State,
Jack Pease,Colorado,Colorado Christian,
Bernard Pelote,Catawba,Western Carolina,
C.J. Penha,Trevecca Nazarene,Boston College,
Dominiq Penn,Washington,,
Dylan Penn,Bellarmine,Vermont,
Eral Penn,LIU,DePaul,
"Philip Pepple, Jr.",Idaho,Clayton State,
Marcelo Perez,Barry,Southern Miss,
Rob Perry,Stetson,Murray State,
Ty Perry,Buffalo,New Haven,
Tyrone Perry,Lafayette,Tennessee Tech,
Quimari Peterson,Indiana State,John A. Logan College,
Joe Petrakis,Western Carolina,Illinois State,
Justus Peuser,Kansas City,Cape Breton University,
Nelson Phillips,Georgia State,Troy,"Shun Williams, On The Radar Hoops"
Robby Phillips,Fairleigh Dickinson,,
Rob Phinisee,Indiana,Cincinnati,
Jace Piatkowski,Nebraska,,
Javon Pickett,Missouri,Saint Louis,
"Jaron Pierre, Jr.",Southern Miss,Wichita State,
Jamail Pink,Detroit Mercy,,
Xavier Pinson,LSU,New Mexico State,"Joseph Tipton, On3"
Joe Pleasant,Wichita State,Abilene Christian,
Ismael Plet,Oral Roberts,Arkansas–Pine Bluff,
Collin Plummer,Houston Baptist,,
Brandin Podziemski,Illinois,Santa Clara,"Antonio Curro, NY2LA Sports"
Malachi Poindexter,Virginia,Illinois State,
Tyler Poindexter,Prairie View A&M,,
Stavros Polatoglou,Northwestern State,Rochester University,
Aundre Polk,Central Michigan,Garden City Community College,
Max Polk,Purdue Fort Wayne,Iowa Western Community College,
Jordan Polynice,Chicago State,,
Isaiah Poor Bear Chandler,Omaha,,
Jeremiah Pope,Rider,,
Keishon Porter,Radford,Cape Fear Community College,
Mylyjael Poteat,Rice,Virginia Tech,
Shakur Poteat,Bethune–Cookman,,
Skyelar Potter,Morehead State,Jacksonville State,Jake Lieberman
Jordan Potts,Northwestern State,,
Calvin Poulina,Bethune–Cookman,Pittsburg State,
Justin Powell,Tennessee,Washington State,
Tyler Powell,Seton Hall,Nevada,
Justin Pratt,UC San Diego,,
Jordan Preaster,North Florida,Western New Mexico,
Asanti Price,North Carolina Central,,
Marvin Price,Western Carolina,West Alabama,
Sean Price,Charleston Southern,,
George Pridgett,Jacksonville,Polk State College,
Quay Primas,Mercer,Columbia State Community College,
K.J. Pruitt,IUPUI,Trinity Valley Community College,
Kasean Pryor,Boise State,Northwest Florida State College,
Nate Pryor,New Mexico State,Eastern Oregon University,
Jaylon Pugh,Furman,Lander,"Jeff Goodman, Stadium"
Kentrell Pullian,Eastern New Mexico,Milwaukee,
Jaka Převodník,Hawaii,,
Mayson Quartlebaum,Kennesaw State,Missouri–St. Louis,
Dane Quest,Tennessee Tech,Western New Mexico,
Jaden Quinerly,Alabama,,
Neal Quinn,Lafayette,Richmond,
Gabe Quinnett,Idaho,,
Joe Quintana,Loyola Marymount,California Baptist,"Jon Rothstein, CBS"
Jacob Radaker,Chattanooga,,
Victor Radocaj,Eastern Washington,Simon Fraser,
Kailen Rains,Cal State Northridge,College of the Sequoias,
Courtney Ramey,Texas,Arizona,"Joseph Tipton, On3"
Ahmad Rand,Oregon State,Milwaukee,
Ryan Rapp,Washington State,Hawaii,
Yahuza Rasas,Texas Southern,,
Kaden Rasheed,UC San Diego,Cal State Los Angeles,
Jordan Ratliffe,UNC Pembroke,Milwaukee,
Caleb Rawls,McNeese,Pearl River Community College,
Jordan Rawls,Georgia State,Western Kentucky,
Christian Ray,La Salle,Delaware,
Donovan Ray,Texas A&M–Corpus Christi,,
Reggie Raynor,UNCG,Brunswick Community College,
Muon Reath,San Diego,South Plains College,
Dakota Reber,Incarnate Word,Lower Columbia College,Prep Hoops Oregon
Joe Reece,Bowling Green,Duquesne,
"Eric Reed, Jr.",Southeast Missouri State,Mississippi State,
Antonio Reeves,Illinois State,Kentucky,"Paul Biancardi, ESPN"
Will Reeves,Arizona,,
Jordan Reeves-Young,Eastern Kentucky,,
Romar Reid,Manhattan,Saint Michael's,Jaden Daly
Efton Reid III,LSU,Gonzaga,
Jasper Reinalda,Montana State,South Dakota School of Mines,
Alexis Reyes,East Carolina,Quinnipiac,All Facts Media
Juan Reyna,Alabama State,Campbell,
Jamille Reynolds,UCF,Temple,
R.J. Rhoden,Long Beach State,,
Ed'Xavior Rhodes,UCF,,
Malachi Rhodes,Bucknell,McNeese,"Jon Rothstein, CBS"
Xavier Rhodes,Florida Southern,Northern Kentucky,
Sir'Jabari Rice,New Mexico State,Texas,
Will Richard,Belmont,Florida,
Makai Richards,Eastern Washington,Pacific,
Avery Richardson,Delaware State,,
Jameson Richardson,Abilene Christian,Southeastern Oklahoma State,
Dalen Ridgnal,Georgia,Missouri State,
London Riley,Alabama A&M,Georgia Highlands College,
Shaun Riley,Northwestern State,Northeastern Junior College,
Alex Rivera,LIU,Saint Peter's,
Jincho Rivera,Chicago State,,
Demetrius Rives,Kennesaw State,Cowley College,
Anthony Roberts,St. Cloud State,Purdue Fort Wayne,
C.J. Roberts,Lamar,,
Demetre Roberts,St. Thomas Aquinas,Fairleigh Dickinson,
D’Rell Roberts,Prairie View A&M,,
Spencer Roberts,Northern Arizona,University of Calgary,
Terry Roberts,Bradley,Georgia,
Tyrell Roberts,Washington State,San Francisco,
Caleb Robinson,Catawba,Gardner–Webb,
Davante Robinson,Stetson,,
Jaxson Robinson,Arkansas,Brigham Young,
KK Robinson,Arkansas,Texas A&M,
Nathan Robinson,Seattle,,
Robby Robinson,New Orleans,Point Loma Nazarene,
Shon Robinson,San José State,Austin Peay,
Pat Robinson III,West Liberty,College of Charleston,
Phil Robles II,Purdue Fort Wayne,,
Jason Roche,The Citadel,Richmond,"John O'Connor, Richmond Times-Dispatch"
Justin Rochelin,Arizona State,Oregon State,
Luis Rodriguez,Ole Miss,UNLV,
Sam’i Roe,Omaha,,
Colby Rogers,Siena,Wichita State,
James Rojas,Alabama,Wichita State,
Victor Rosa,Florida Gulf Coast,,
"Yaakema Rose, Jr.",Missouri–St. Louis,Eastern Illinois,
Jalen Rosemond,St. John's,,
Alec Rosner,Winona State,Western Illinois,
Amar Ross,USC,,
Kyle Ross,Milwaukee,,
Pedro Rossi,St. Bonaventure,Minnesota–Crookston,
Casson Rouse,Eastern Washington,,
Lewis Rowe,VMI,New Mexico Junior College,
Niko Ročak,UC Santa Barbara,,
Toni Ročak,UC San Diego,San Francisco,
Hunter Ruck,UC Irvine,Biola,
Marlon Ruffin,Portland State,Cal Poly Humboldt,Jake Lieberman
Justin Rumph,Mississippi State,,
Clarence Rupert,Saint Peter's,Southern Illinois,
Brandon Rush,Fairleigh Dickinson,Youngstown State,
Coreyoun Rushin,Chicago State,Tarleton State,
Nygal Russell,Southeast Missouri State,Towson,
Nikkei Rutty,Monmouth,Prairie View A&M,
Dmitry Ryuny,San Francisco,Oregon State,
Jayden Saddler,Southern,Saint Peter's,"Zach Braziller, New York Post"
Morgan Safford,Wofford,Miami (OH),
Joryam Saizonou,St. Bonaventure,UNCG,
Lucas Saleh,Buffalo,,
Khadim Samb,UNCW,,
Kevin Samuel,Florida Gulf Coast,South Alabama,"Jeff Goodman, Stadium"
Julian Samuels,Illinois State,,
Taurus Samuels,Dartmouth,Minnesota,
"Kurt Samuels, Jr.",William & Mary,,
Jeremy Sanchez,Cleveland State,Saint Leo,
Colton Sandage,Western Illinois,Illinois State,
Lamont Sanders,Maryland Eastern Shore,,
Preston Santos,Massachusetts,Southern New Hampshire,
Jorell Saterfield,UTEP,Portland State,
Keshaun Saunders,Toledo,Portland State,NPH Scouting
"Mike Saunders, Jr.",Cincinnati,Utah,
Devon Savage,James Madison,Merrimack,
Michael Savarino,Duke,New York University,
Te'Jon Sawyer,California Baptist,Cal State San Bernardino,Hoop Scoop Media
Baylor Scheierman,South Dakota State,Creighton,
Micah Schnyders,Eastern Illinois,,
Alex Schumacher,Saint Martin's,Seattle,
Eddie Scott,Long Beach State,,
Jalen Scott,Colorado State,South Plains College,
Jevonnie Scott,Penn State,Brock University,
Noel Scott,Austin Peay,East Los Angeles College,
Tyreek Scott-Grayson,Northeastern,Old Dominion,
Jordan Sears,Gardner–Webb,UT Martin,
Mark Sears,Ohio,Alabama,
Azariah Seay,IUPUI,Texas–Permian Basin,
Jaylen Sebree,Morehead State,Tennessee Tech,
Theo Seng,Sacramento State,Eastern Arizona College,
Sam Sessoms,Penn State,Coppin State,
Sloan Seymour,New Hampshire,Saint Rose,
Nigel Shadd,Pacific,Delaware,
"Terrence Shannon, Jr.",Texas Tech,Illinois,
Demarcus Sharp,Missouri State,Northwestern State,
B.J. Shaw,UC Davis,,
Jeramy Shaw,Detroit Mercy,,
Sam Shelton,George Mason,,
Grant Sherfield,Nevada,Oklahoma,
David Shriver,Hartford,VCU,
Tanner Shulman,Lipscomb,Alabama–Huntsville,
Payton Shumpert,Stony Brook,Daemen,
Preston Shumpert,Stony Brook,Daemen,
Desi Sills,Arkansas State,Kansas State,"Tobias Bass, The Athletic"
Matheus Silveira,Portland,,
Marty Silvera,Saint Peter's,,
Omar Silverio,Hofstra,Manhattan,
B.J. Simmons,Texas–Rio Grande Valley,Wayland Baptist University,
Caleb Simmons,San José State,,
Casey Simmons,Northwestern,,
Tafari Simms,Milwaukee,Western Michigan,
Seybian Sims,Northern Kentucky,Arkansas Tech,
Jasin Sinani,Milwaukee,Campbell,
Grant Singleton,St. Thomas Aquinas,Fairleigh Dickinson,
Saquan Singleton,New Mexico,George Mason,"Jeff Borzello, ESPN"
Blake Sisley,Evansville,Wright State,
Cheickna Sissoko,Academy of Art,Gardner–Webb,
Moulaye Sissoko,Dayton,North Texas,"Tobias Bass, Crossover Media"
Jackson Sivills,Murray State,Wofford,
David Skogman,Buffalo,Davidson,
Wes Slajchert,Dartmouth,Point Loma Nazarene,
Grant Slatten,Ole Miss,Tennessee Tech,
Tahj Small,Tarleton State,Utah Valley,
Jordan Smalls,Rider,Polk State College,
Aquan Smart,Florida International,Southeast Missouri State,
Angel Smith,Samford,,
Chayce Smith,Pittsburgh,,
Christopher Smith,Delaware State,,
Cooper Smith,Northwestern State,,
DaQuan Smith,Murray State,Radford,
Jabiri Smith,Alabama A&M,Wallace State Community College,
Jahvon Smith,Florida A&M,,
Jamari Smith,Queens (NC),Murray State,
Jonnivius Smith,Seton Hall,Buffalo,
Jourdan Smith,Coastal Carolina,Grambling State,
Justice Smith,Mansfield,ETSU,"Jon Rothstein, CBS Sports"
Lincoln Smith,Lamar,,
Malachi Smith,Chattanooga,Gonzaga,"Jonathan Givony, Draft Express"
Matt Smith,Murray State,Thomas More University,
Stevie Smith,Abilene Christian,,
TK Smith,Troy,,
Trey Smith,San José State,Idaho,
Tre'Shon Smoots,Northern Colorado,,
Chris Sodom,Delaware State,,
Calvin Solomon,Stephen F. Austin,UTEP,
Raheem Solomon,Niagara,Sacred Heart,Jake Lieberman
Ray Somerville,Cal State Bakersfield,Delaware State,"Josh Verlin, City of Basketball Love"
Pierre Sow,Virginia State,Hartford,
Amir 'Primo' Spears,Duquesne,Georgetown,Georgetown Hoops
Isaac Spears,Montana State,Cal Poly,
Jalen Speer,Florida A&M,Santa Fe College,
Cam Spencer,Loyola (MD),Rutgers,"Jeff Goodman, Stadium"
Owen Spencer,The Citadel,Ohio State,"Jack Emerson, Buckeye Sports Bulletin"
Landis Spivey,Cal State Fullerton,,
Nate Springs,Kennesaw State,Winston-Salem State,
"John Square, Jr.",Fairleigh Dickinson,Cal State Fullerton,
Joey St. Pierre,Milwaukee,Portland,
Isaiah Stafford,Southern Indiana,John A. Logan College,
Ben Stanley,Xavier,Old Dominion,"Jeff Goodman, Stadium"
John Stansbury,Delaware State,,
Artese Stapleton,Radford,Lincoln (MO),
Jake Stephens,VMI,Chattanooga,
Chauncey Sterling,NJIT,,
Ben Sternberg,Cleveland State,Missouri,
Vuk Stevanić,St. Francis Brooklyn,Western Illinois,
Erik Stevenson,South Carolina,West Virginia,
Tyler Stevenson,Southern Miss,UIC,
Parker Stewart,Indiana,UT Martin,
Samir Stewart,Manhattan,,
Lucas Stieber,Green Bay,Gardner–Webb,
Jaylen Stinson,James Madison,Merrimack,The Miller Report
Kshun Stokes,Arkansas–Pine Bluff,,
Nathaniel Stokes,Coppin State,Saint Martin's,
Brandon Stone,Robert Morris,Delaware State,
Jayden Stone,GCU,Detroit Mercy,"Tony Paul, DetroitNews.com"
Thatcher Stone,William & Mary,Stonehill,
Kenny Strawbridge,Alabama State,Evansville,
A.J. Stredic,Arkansas–Pine Bluff,Mississippi Valley State,
Markhi Strickland,Saint Louis,Victoria College,
Tai Strickland,Temple,Georgia Southern,
Jason Strong,Northeastern,,
Josiah Strong,Illinois State,Colorado State,
Deon Stroud,Fresno State,Eastern Washington,
Brandon Suggs,East Carolina,UCF,
Raheim Sullivan,Marist,NJIT,
Christian Sutton,American,Coppin State,
Matija Svetozarević,Portland,Hawaii,
Anthony Swift,Southern Utah,,
Amadou Sylla,Tennessee Tech,UNC Asheville,Jake Lieberman
Mohamed Sylla,Detroit Mercy,Boise State,
Sekou Sylla,Nova Southeastern,Towson,"Justin Byerly, HoopSeen"
Noah Taitz,Stanford,Loyola Marymount,"Jon Rothstein, CBS"
Handje Tamba,Tennessee,Weber State,
Pablo Tamba,Idaho State,,
Elijah Tate,UAB,South Plains College,
"Micheal Tate, Jr.",Jackson State,Frostburg State,
Jevon Tatum,Alabama A&M,Pearl River Community College,
Elijah Taylor,Notre Dame,Quinnipiac,
Josh Taylor,Georgia,ETSU,
Lunden Taylor,UC San Diego,,
RayQuan Taylor,Texas–Rio Grande Valley,Tallahassee Community College,
Zachary Taylor,Brown,,
Emmit Taylor III,Idaho State,Eastern Oregon University,
Alex Tchikou,Alabama,Rhode Island,
Blondeau Tchoukuiegno,New Hampshire,California Baptist,
Carvell Teasett,Northwestern State,Appalachian State,"Jeff Goodman, Stadium"
Jacob Teer,Incarnate Word,,
Luka Tekavčič,Oral Roberts,Coppin State,
John Tenerowicz,Ohio,,
Demetrius Terry,Cleveland State,Lamar Community College,
Lance Terry,Gardner–Webb,Georgia Tech,Dan McDonald
J.C. Tharrington,UNCG,Converse,
Norbert Thelissen,Utah State,,
Abdoulaye Thiam,Minnesota,High Point,
Lahat Thioune,Utah,UCF,
Adam Thistlewood,Colorado State,Colorado School of Mines,
DeShawn Thomas,Coastal Carolina,,
Dischon Thomas,Colorado State,Montana,
Jalen Thomas,Georgia State,Butler,
Jaylan Thomas,Arkansas–Pine Bluff,Cameron,
Kalil Thomas,UMass Lowell,Morehead State,
Micah Thomas,Indiana State,Nicholls State,"Jon Rothstein, CBS"
Miryne Thomas,Ball State,Kent State,
Stacey Thomas,Louisiana Tech,Louisiana State University in Shreveport,
Terryonte Thomas,Sam Houston State,Mississippi University for Women,
Tyler Thomas,Sacred Heart,Hofstra,
Chase Thompson,Southeast Missouri State,,
Gianni Thompson,Boston College,Massachusetts,"Jon Rothstein, CBS Sports"
Isaiah Thompson,Purdue,Florida Gulf Coast,
Kyle Thompson,La Salle,,
Messiah Thompson,Campbell,Alabama A&M,
Sam Thompson,Southeast Missouri State,Missouri Southern,
Kirshon Thrash,Presbyterian,,
Taj Thweatt,West Virginia,Coastal Carolina,
Taj Thweatt,Coastal Carolina,Temple,"Joe Tipton, On3"
Donnie Tillman,New Mexico State,,
Earl Timberlake,Memphis,Bryant,jon
George Tinsley,Binghamton,Mount St. Mary's,"Adam Finkelstein, ESPN"
DeAnthony Tipler,Coastal Carolina,ETSU,
Taryn Todd,New Mexico,,
Sage Tolbert III,Temple,San José State,
Miguel Tomley,Santa Clara,Idaho State,
Sékou Touré,UC Santa Barbara,,
Joe Toussaint,Iowa,West Virginia,
Tanguy Touzé,Jacksonville State,,
Sam Towns,Ohio,Bowling Green,Hoop Scoop Media
Malcolm Townsel,Holy Cross,,
Jadrian Tracey,Saint Joseph's,Florida SouthWestern State College,
Darrion Trammell,Seattle,San Diego State,
Lassina Traoré,Saint Louis,Long Beach State,
Trayton Trice,Lindenwood,Wabash Valley College,
"Bryan Trimble, Jr.",Akron,Missouri State,
Jade Tse,Houston Baptist,Holy Cross,
Emmanuel Tshimanga,UC Irvine,UC San Diego,Jake Lieberman
Marcus Tsohonis,VCU,Long Beach State,
Brenden Tucker,College of Charleston,Georgia State,
Christian Tucker,UTSA,,
Dearon Tucker,Indiana State,Cal State Northridge,
Jovan Tucker,Mercer,,
Isaiah Turner,Middle Tennessee,,
Keaton Turner,Wofford,,
Luke Turner,Wofford,UC Riverside,"Jon Rothstein, CBS"
Carson Tuttle,Texas A&M–Commerce,St. Edward's,
Kellen Tynes,Montana State,Maine,
Jaylon Tyson,Texas,Texas Tech,
Elijah Uche,Cal State Northridge,,
Morris Udeze,Wichita State,New Mexico,
Robert Vaihola,Fresno State,San José State,
Thai're Vance,Morgan State,,
Justin Vander Baan,Boston College,Lafayette,
Ben Vander Plas,Ohio,Virginia,Barstool Bench Mob
Connor Vanover,Arkansas,Oral Roberts,"Jon Rothstein, CBS"
Gabriel Vargas,Arkansas–Pine Bluff,Chipola College,"Aaron Holmes, PHS Academy"
Alex Vargo,Youngstown State,Seminole State College,"Jeff Goodman, Stadium"
Luka Vasić,Charlotte,Texas A&M–Commerce,
Chad Venning,Morgan State,St. Bonaventure,
Tydus Verhoeven,UTEP,Northwestern,
"Steven Verplancken, Jr.",Southern Illinois,Weber State,
Zachary Visentin,Idaho State,Snow College,
Alejandro Vásquez,Tarleton State,Salt Lake Community College,
Garrison Wade,Dartmouth,Cal State Fullerton,
Ryan Wade,Central Michigan,Green Bay,
Trevin Wade,Eastern Kentucky,Alcorn State,
Jackson Waggoner,Northwestern State,University of Dallas,
Abdallah Wague,St. Francis Brooklyn,,
Qudus Wahab,Maryland,Georgetown,
Brock Wakefield,The Citadel,Drury,
Antwan Walker,Rhode Island,Bryant,"Morey Hershgordon, WPRI12"
David Walker,Cal State Bakersfield,,
Dibaji Walker,Massachusetts,Appalachian State,"Jeff Goodman, Stadium"
Jaden Walker,Iowa State,East Carolina,
Joshua Walker,Radford,,
Rondel Walker,Oklahoma State,TCU,
Shaun Walker,McNeese,Alcorn State,
Jarvis Walker II,Purdue Fort Wayne,Indianapolis,
Joe Wall,Seattle,,
Shaquille Walters,Northeastern,,
Kerwin Walton,North Carolina,Texas Tech,LΞVΞL 13 Agency
Michael Wang,Penn,,
Derrius Ward,La Salle,Harcum College,"Tom Keller, ELITE High School Scouting"
Hason Ward,VCU,Iowa State,
De'Angelo Ware,Prairie View A&M,,
Geronimo Warner,Jackson State,,
Collin Warren,McNeese,Northwest Florida State College,
JonDarius Warren,Southeastern Louisiana,,
Brian Washington,Cal State Bakersfield,,
Bryce Washington,Penn,Hofstra,
Emon Washington,Illinois State,Morehouse,
Warren Washington,Nevada,Arizona State,
Noah Waterman,Detroit Mercy,Brigham Young,
Mikey Watkins,Merrimack,UMass Lowell,"Jeff Goodman, Stadium"
Jatayveous Watson,USC Upstate,Johnson C. Smith,
Wyatt Watson,Portland,,
Ibrahim Wattara,Fairleigh Dickinson,Miami Dade College,
Rocket Watts,Mississippi State,Oakland,"Joseph Tipton, On3"
"Erwin Weary, Jr.",Western Washington,Central Michigan,
Elijah Weaver,Dayton,Chicago State,
Jalen Weaver,Nevada,Salt Lake Community College,
R.J. Weise,Rider,,
Dominick Welch,St. Bonaventure,Alabama,"Joseph Tipton, On3"
Kelvin Wesley,Jackson State,,
Keyon Wesley,Arkansas State,Alabama State,
Trajan Wesley,Louisiana,Prairie View A&M,
Jamal West,South Alabama,Clarendon College,
Mikey West,Bethune–Cookman,Coastal Alabama Community College Monroeville,
Brandon Weston,Seton Hall,Rhode Island,
Jack Wetzel,Montana,,
Brian White,Northwestern State,,
Dalvin White,USC Upstate,Chattanooga,
Emmanuel White,UTEP,Western New Mexico,
Myja White,Miami (OH),,
Owen White,Michigan Tech,South Alabama,"Kevin Sweeney, CBB Central"
"Kenny White, Jr.",Tennessee Tech,Murray State,
Michael Whitmore,Auburn,,
Carter Whitt,Wake Forest,Furman,
Skylar Wicks,Missouri State,,
Simon Wilbar,Indiana State,Holy Cross,
Jordan Wildy,Iona,Coffeyville Community College,
A.J. Williams,UNCG,,
Austin Williams,Hartford,Florida International,
Blayton Williams,Green Bay,Mississippi College,
D'maurian Williams,Gardner–Webb,Texas Tech,
Demari Williams,Arizona State,Oral Roberts,
Desmond Williams,Troy,UT Martin,
Donovan Williams,Oklahoma State,Pacific,
Elijah Williams,Illinois State,,
Faite Williams,Prairie View A&M,,
Jamir Williams,Florida A&M,Auburn–Montgomery,
Jaron Williams,Robert Morris,,
Jelani Williams,Penn,Howard,
Jeremiah Williams,Temple,Iowa State,
John Williams,Glenville State,Florida International,
K.J. Williams,Murray State,LSU,
Levar Williams,New Mexico State,,
Marcus Williams,Texas A&M,San Francisco,
Noah Williams,Washington State,Washington,
Norris Williams,New Orleans,,
Rashad Williams,Saint Louis,Arkansas–Pine Bluff,"Tobias Bass, Crossover Media"
Rashun Williams,Radford,,
Ross Williams,Colorado Christian,Texas A&M–Corpus Christi,
Rudi Williams,Coastal Carolina,Brigham Young,
Shaun Williams,Cal State Bakersfield,,
Tre' Williams,Oregon State,Tulane,"Jeff Goodman, Stadium"
Warren Williams,Manhattan,Hofstra,"Jon Rothstein, CBS"
"Eric Williams, Jr.",Oregon,San Diego,"Jon Rothstein, CBS"
Kevin Williamson,Coastal Carolina,,
Samuell Williamson,Louisville,SMU,"Joseph Tipton, On3"
Diego Willis,Stephen F. Austin,,
Yarden Willis,Binghamton,,
Jordan Wilmore,Missouri,Northwestern State,
Isaiah Wilson,Richmond,Winthrop,
Jeameril Wilson,Lehigh,Loyola Chicago,
Mylik Wilson,Texas Tech,Houston,"Jon Rothstein, CBS"
Skylar Wilson,Portland,Nebraska–Kearney,
Khaleb Wilson-Rouse,Pacific,New Orleans,
David Wingett,South Dakota State,Peru State College,
Justin Winston,Robert Morris,Coppin State,
Sai Witt,Texas–Rio Grande Valley,Lincoln (MO),
Gabe Wiznitzer,Louisville,Ohio,
Elijah Wood,Eastern Illinois,Tallahassee Community College,
JaCobi Wood,Belmont,Murray State,
Alec Woodard,Austin Peay,,
TaQuan Woodley,South Carolina,Massachusetts,
Hunter Woods,Elon,Portland State,
Trey Woodyard,Valparaiso,New Hampshire,
Caleb Wright,High Point,,
Christian Wright,Georgia,Oregon State,
Ethan Wright,Princeton,Colorado,
John-Michael Wright,High Point,Oklahoma State,
Ricardo Wright,Marist,SMU,VHS Boys Basketball
Ty Wyman,Oakland,,
Michael Wynn,Akron,,
Camren Wynter,Drexel,Penn State,
Cam Young,Bowling Green,Saint Peter's,
Jahmir Young,Charlotte,Maryland,
Keyondre Young,Valparaiso,Triton College,
Kyle Young,Siena,Flagler,"Joey Palatsky, WNYO Sports"
Ryan Young,Northwestern,Duke,"Jeff Goodman, Stadium"
Trace Young,Alabama State,Jackson State,
Zion Young,Oakland,Southern Utah,Jake Lieberman
"Jahmar Young, Jr.",SMU,Memphis,
Brandon Younger,Presbyterian,,
Baylor Younker,Bellarmine,,
Anthony Yu,Loyola Marymount,,
Max Zakheim,Bryant,,
Ryan Zambie,Lafayette,,
Jesse Zarzuela,Coppin State,Central Michigan,
Dima Zdor,GCU,Texas–Rio Grande Valley,
Max Zegarowski,Franklin Pierce,Stonehill,
Levelle Zeigler,Chicago State,,
Thomas Zevgaras,Incarnate Word,Newman,
Bogdan Zimonjić,Florida Atlantic,,
Eric van der Heijden,Ole Miss,UNCW,
Neftalí Álvarez,Mercer,Southern Miss,
Vito Čubrilo,Northeastern,,
Rastislav Šipkovský,Central Michigan,,
